accountID,postalCode,country,street,city,addressID,orgID,personID
45422765_1497,795,,,,,,
45422765_1497,795,,,,,,
45422765_1497,795,,,,,,
45422765_1497,795,,,,,,
45422765_1497,795,,,,,,
45422765_1497,795,,,,,,
45422765_1497,795,,,,,,
45422765_1497,795,,,,,,
45422765_1497,795,,,,,,
45422765_1497,795,,,,,,
45422765_1497,795,,,,,,
45422765_1497,795,,,,,,
45422765_1497,795,,,,,,
45422765_1497,795,,,,,,
45422765_1497,795,,,,,,
45422765_1497,795,,,,,,
45422765_1497,795,,,,,,
45422765_1497,795,,,,,,
45422765_1497,795,,,,,,
45422765_1497,795,,,,,,
45422765_1497,795,,,,,,
45422765_1497,795,,,,,,
45422765_1497,795,,,,,,
45422765_1497,795,,,,,,
45422765_1497,795,,,,,,
45422765_1497,795,,,,,,
45422765_1497,795,,,,,,
45422765_1497,795,,,,,,
45422765_1497,795,,,,,,
45422765_1497,795,,,,,,
45422765_1497,795,,,,,,
45422765_1497,795,,,,,,
45422765_1497,795,,,,,,
45422765_1497,795,,,,,,
45422765_1497,795,,,,,,
45422765_1497,795,,,,,,
45422765_1497,795,,,,,,
45422765_1497,795,,,,,,
45422765_1497,795,,,,,,
45422765_1497,795,,,,,,
45422765_1497,795,,,,,,
45422765_1497,795,,,,,,
45422765_1497,795,,,,,,
45422765_1497,795,,,,,,
45422765_1497,795,,,,,,
45422765_1497,795,,,,,,
45422765_1497,795,,,,,,
45422765_1497,795,,,,,,
45422765_1497,795,,,,,,
45476383_1497,503,,,,,,
45476383_1497,503,,,,,,
45476383_1497,503,,,,,,
45476383_1497,503,,,,,,
45476383_1497,503,,,,,,
45476383_1497,503,,,,,,
45476383_1497,503,,,,,,
45476383_1497,503,,,,,,
45476383_1497,503,,,,,,
45476383_1497,503,,,,,,
45476383_1497,503,,,,,,
45476383_1497,503,,,,,,
45476383_1497,503,,,,,,
45476383_1497,503,,,,,,
45476383_1497,503,,,,,,
45476383_1497,503,,,,,,
45476383_1497,503,,,,,,
45476383_1497,503,,,,,,
45476383_1497,503,,,,,,
45476383_1497,503,,,,,,
45476383_1497,503,,,,,,
45476383_1497,503,,,,,,
45476383_1497,503,,,,,,
45476383_1497,503,,,,,,
45476383_1497,503,,,,,,
45476383_1497,503,,,,,,
45476383_1497,503,,,,,,
45476383_1497,503,,,,,,
45476383_1497,503,,,,,,
45476383_1497,503,,,,,,
45476383_1497,503,,,,,,
45476383_1497,503,,,,,,
45476383_1497,503,,,,,,
45476383_1497,503,,,,,,
45476383_1497,503,,,,,,
45476383_1497,503,,,,,,
45476383_1497,503,,,,,,
45476383_1497,503,,,,,,
45476383_1497,503,,,,,,
45476383_1497,503,,,,,,
45476383_1497,503,,,,,,
45476383_1497,503,,,,,,
45476383_1497,503,,,,,,
45476383_1497,503,,,,,,
45476383_1497,503,,,,,,
45476383_1497,503,,,,,,
45476383_1497,503,,,,,,
45476383_1497,503,,,,,,
45476383_1497,503,,,,,,
45422752_1497,836,,,,,,
45422752_1497,836,,,,,,
45422752_1497,836,,,,,,
45422752_1497,836,,,,,,
45422752_1497,836,,,,,,
45422752_1497,836,,,,,,
45422752_1497,836,,,,,,
45422752_1497,836,,,,,,
45422752_1497,836,,,,,,
45422752_1497,836,,,,,,
45422752_1497,836,,,,,,
45422752_1497,836,,,,,,
45422752_1497,836,,,,,,
45422752_1497,836,,,,,,
45422752_1497,836,,,,,,
45422752_1497,836,,,,,,
45422752_1497,836,,,,,,
45422752_1497,836,,,,,,
45422752_1497,836,,,,,,
45422752_1497,836,,,,,,
45422752_1497,836,,,,,,
45422752_1497,836,,,,,,
45422752_1497,836,,,,,,
45422752_1497,836,,,,,,
45422752_1497,836,,,,,,
45422752_1497,836,,,,,,
45422752_1497,836,,,,,,
45422752_1497,836,,,,,,
45422752_1497,836,,,,,,
45422752_1497,836,,,,,,
45422752_1497,836,,,,,,
45422752_1497,836,,,,,,
45422752_1497,836,,,,,,
45422752_1497,836,,,,,,
45422752_1497,836,,,,,,
45422752_1497,836,,,,,,
45422752_1497,836,,,,,,
45422752_1497,836,,,,,,
45422752_1497,836,,,,,,
45422752_1497,836,,,,,,
45422752_1497,836,,,,,,
45422752_1497,836,,,,,,
45422752_1497,836,,,,,,
45422752_1497,836,,,,,,
45422752_1497,836,,,,,,
45422752_1497,836,,,,,,
45422752_1497,836,,,,,,
45422752_1497,836,,,,,,
45422752_1497,836,,,,,,
